name,url,price_rate,price_rate_type,total_price,room_and_property_type,latitude,longitude,monthly_price_factor,weekly_price_factor,room_type,person_capacity,amenities,review_count,review_score,rating_accuracy,rating_checkin,rating_cleanliness,rating_communication,rating_location,rating_value,star_rating,satisfaction_guest,description,neighborhood_overview,notes,additional_house_rules,interaction,access,transit,response_rate,response_time,photos,id,currency,search_term,scrape_time,town,city,state,country
The Shed - Comfy cabin in the village of Tuena,https://www.airbnb.com/rooms/31760097,,nightly,,Entire cabin,-34.01705,149.32864,1.0,0.54,Entire home/apt,4,"Hair dryer,Shampoo,Conditioner,Body soap,Hot water,Shower gel,Washer,Essentials - Towels, bed sheets, soap, and toilet paper,Hangers,Bed linens,Iron,TV,Pack ’n play/Travel crib,Air conditioning,Central heating,Smoke alarm,Carbon monoxide alarm,Fire extinguisher,First aid kit,Wifi,Kitchen - Space where guests can cook their own meals,Refrigerator,Microwave,Cooking basics - Pots and pans, oil, salt and pepper,Dishes and silverware - Bowls, chopsticks, plates, cups, etc.,Freezer,Stove,Oven,Hot water kettle,Wine glasses,Toaster,Barbecue utensils - Grill, charcoal, bamboo skewers/iron skewers, etc.,Dining table,Private entrance - Separate street or building entrance,Patio or balcony,Backyard - An open space on the property usually covered in grass,Fire pit,Outdoor furniture,Outdoor dining area,BBQ grill,Free parking on premises,Single level home - No stairs in home,Long term stays allowed - Allow stay for 28 days or more",80,,4.86,4.91,4.9,4.95,4.9,4.89,5.0,4.83,"""The Shed"" is located in the heart of the historic gold mining village of Tuena with views over Tuena Creek.The shed has been recently renovated as a cosy and comfy two bedroom cabin  that can sleep up to 4 guests. It is complete with a full kitchen (oven, microwave, fridge - freezer), outside ensuite, air conditioning/heating and  TV/DVD, wifi.It is conveniently located behind ""Parsons General Store"" which offers supplies & alcohol.  The village of Tuena is located 56km north of Crookwell.The spaceTuena is a small, friendly village and ideal for a relaxing get away and is situated halfway between Goulburn and Orange. Abercrombie Caves and river are a short distance away.Other things to noteThere is only the general store nearby that sells alcohol and basic groceries. There are no supermarkets and cafes close byLicense numberPID-STRA-26042",,,,,,As the Shed is in a small rural village there is no public transport.,,,"https://a0.muscache.com/im/pictures/miso/Hosting-31760097/original/8d3ae3d5-1418-4d20-9e7f-768c5a13213f.jpeg?im_w=720,https://a0.muscache.com/im/pictures/ceb1af5c-ec60-47bf-8970-ef7fa39dc54d.jpg?im_w=720,https://a0.muscache.com/im/pictures/miso/Hosting-31760097/original/6e1fc2bc-ea93-4e87-9210-500f6e11b3b8.jpeg?im_w=720,https://a0.muscache.com/im/pictures/d5400ed3-3536-4cdc-816d-4a727a6bc0bd.jpg?im_w=720,https://a0.muscache.com/im/pictures/5c9ad0bb-dce8-4b23-82bf-30c115653cd8.jpg?im_w=720,https://a0.muscache.com/im/pictures/dfb88afb-0406-4655-a9f7-5612904f0700.jpg?im_w=720",31760097,USD,"Abercrombie Caves, NSW, Australia",2022-02-15 12:22:45,Abercrombie Caves,Tuena,New South Wales,Australia
Historic Segenhoe Inn,https://www.airbnb.com/rooms/16086816,,nightly,,Shared room in bed and breakfast,-32.16079,150.88858,0.75,0.85,Shared room,2,"Hair dryer,Shampoo,Body soap,Hot water,Essentials - Towels, bed sheets, soap, and toilet paper,Hangers,Extra pillows and blankets,Iron,TV,Air conditioning,Indoor fireplace,Heating,Smoke alarm,Fire extinguisher,Wifi,Refrigerator,Microwave,Dishes and silverware - Bowls, chopsticks, plates, cups, etc.,Lake access - Guests can get to a lake using a path or dock,Shared patio or balcony,Shared backyard – Fully fenced - An open space on the property usually covered in grass,Free parking on premises,Free street parking,Luggage dropoff allowed - For guests' convenience when they have early arrival or late departure,Breakfast - Breakfast is provided,Smoking allowed,Host greets you,Long term stays allowed - Allow stay for 28 days or more",47,,4.96,4.96,4.83,4.98,4.68,4.83,5.0,4.77,"My place is close to Lake Glenbawn, wineries, horse studs and the beautiful Barrington Tops National Park. You’ll love my place because of the history. Step back in time to 1837.  Segenhoe Inn is said to be the oldest colonial accommodation in Australia.. The Inn suits family groups, business travelers and couples.The spaceThe Inn has 9 bedrooms in total, all individually styled. Guests have access to the guest lounge, formal parlour, guest breakfast room and gardens.Other things to noteThe Inn has an on premises liquor license and the bar can be made available to guests.  The Inn also has its own function room and is perfect for weddings, parties and other functions.License numberExempt",,,,Meet and greet and guests can choose to interact with the hosts if they wish.,,The Inn is within walking distance to the train station and a 2 hour drive to Newcastle Airport.,,,"https://a0.muscache.com/im/pictures/03999348-b1ce-4449-929d-f9ea76c56863.jpg?im_w=720,https://a0.muscache.com/im/pictures/6823a4e8-f6db-42a8-b6c1-58923a6581af.jpg?im_w=720,https://a0.muscache.com/im/pictures/1c6fb5cb-3a0d-4d57-ba85-c85d46193f86.jpg?im_w=720,https://a0.muscache.com/im/pictures/6ca1517a-ea02-4ca9-8b93-79926be17d35.jpg?im_w=720,https://a0.muscache.com/im/pictures/6455d1cf-fdb7-405a-9d07-6a3840ab79ed.jpg?im_w=720,https://a0.muscache.com/im/pictures/ba86ecd9-5696-49cd-b551-e37d7f93f97b.jpg?im_w=720",16086816,USD,"Aberdeen, NSW, Australia",2022-02-15 12:22:52,Aberdeen,Aberdeen,New South Wales,Australia
Fromelles Cottage- Secluded & Modern Country House,https://www.airbnb.com/rooms/51252152,,nightly,,Entire cottage,-32.11434,150.85516,0.8,0.9,Entire home/apt,8,"Courtyard view,Garden view,Mountain view,Valley view,Hair dryer,Cleaning products,Shampoo,Body soap,Hot water,Shower gel,Free washer – In unit,Essentials - Towels, bed sheets, soap, and toilet paper,Hangers,Bed linens,Extra pillows and blankets,Room-darkening shades,Iron,Drying rack for clothing,Mosquito net,Clothing storage: wardrobe, closet, and dresser,HDTV with Amazon Prime Video, Apple TV, Netflix,Sound system with Bluetooth and aux,Books and reading material,Children’s dinnerware,Board games,Babysitter recommendations,Air conditioning,Indoor fireplace,Ceiling fan,Heating,Smoke alarm,Wifi,Dedicated workspace - A desk or table with a chair and space for a laptop.,Kitchen - Space where guests can cook their own meals,Refrigerator,Microwave,Cooking basics - Pots and pans, oil, salt and pepper,Dishes and silverware - Bowls, chopsticks, plates, cups, etc.,Freezer,Dishwasher,Stove,Oven,Hot water kettle,Coffee maker,Wine glasses,Toaster,Baking sheet,Blender,Barbecue utensils - Grill, charcoal, bamboo skewers/iron skewers, etc.,Coffee,Dining table,Private entrance - Separate street or building entrance,Laundromat nearby,Private patio or balcony,Private backyard – Not fully fenced - An open space on the property usually covered in grass,Fire pit,Outdoor furniture,Outdoor dining area,BBQ grill,Free driveway parking on premises – 2 spaces,Free street parking,Single level home - No stairs in home,Pets allowed - Assistance animals are always allowed,Luggage dropoff allowed - For guests' convenience when they have early arrival or late departure,Breakfast - Breakfast is provided,Smoking allowed,Long term stays allowed - Allow stay for 28 days or more,Self check-in,Lockbox",18,,4.94,5.0,4.61,5.0,4.89,4.78,5.0,5.0,"Our secluded, beautifully renovated and private country cottage has been lovingly restored with all the comfort of a modern house. This charming and comfortable space is perfect for couples, families or groups of friends. With no neighbours and magnificent hills views around, this place has everything to make you feel at home, relax and unwind. Fromelles Cottage is a short drive from Scone, known as the Australian Horse Capital: close enough to everything, but far away to enjoy a quiet stay.The spaceThe Fromelles Cottage is serviced with: - Private access with parking for 2 cars (or more) - Key lock box with unique digital access code- Luxury bedding bamboo linen - High comfort pillows- Towels - Comfy and fluffy bathrobe- Organic Shampoo, body wash, body lotion and hand wash - Extra blankets- Hot water bottles to keep you snuggly warm in winter- Dolce Gusto coffee machine and capsules - Instant coffee/Tea - Stocked pantry condiments (olive oil, vinegar, sauces, sugar…)- Tablets for dishwasher and washing powder for laundry- Iron & iron board - Indoor & outdoor drying racks  - Bluetooth speaker, games board, cards, books- 4 burners outdoor barbecue~ Bedroom 1 ~Queen size bed, features a windowsill seat (overlooking the front yard and hills), ideal to sip a coffee. There is a ceiling fan and a clothes rack plus an ample storage space hidden neatly under the bed in 6 large drawers, perfect to store your personal stuffs.  ~ Bedroom 2 ~Queen size bed with an east facing window overlooking the front garden, so you will have morning light to wake you gently. Plenty of storage for your cases and clothes. Ceiling fan & reverse split system. ~ Boudoir ~ The Boudoir leads to the second bedroom, the bathroom and the living room. Equipped with a comfortable single daybed convertible easily in a king size bed.  ~ Living room ~Spacious living-room, with a large comfy sofa convertible to a double bed, a dining table (extendable to fit 8 people), a 50’’ 4K TV with Netflix, YouTube and all the mains entertainment services. And for the winter months, a cosy fireplace with wood provided. Ceiling fan & reverse split system.~ The fully equipped kitchen with modern & brand-new appliances ~- Island bench with 2 stools - Electric oven with 5 burner gas cooker - Dishwasher  - French door fridge with cool water dispenser - Dolce Gusto coffee machine with capsules- Kettle- 4 slices toaster- Microwave- Set of sharp knives- Plenty of pots/pans/cooking utensils- All the tableware you need- Reverse split system & ceiling fan ~ The Outdoor area ~If you want to enjoy the garden, whether a morning cup of coffee or an afternoon glass of wine, there is a lovely outdoor terrace with a fire pit perfect for your winter evenings. Barbecue area and cosy sitting lounge with a coffee table to enjoy the glorious natural landscape. Equipped with shade blinds to enjoy the terrace at any time of day.Guest accessThe entire cottage will be yours for the duration of your stay. Go for walks, explore the valley or gather around the outdoor fire pit to share a drink with your family and friends, come out, watch the stars  and enjoy the space. Guests will be emailed and texted all check in details before their arrival, with their unique digital access code and all instructions for check in, as well as house rules. We also have provided a folder with all the local tourist information. Note: Rooms are made up based on the number of guests at the time of booking.Other things to noteCheck in: 3pmCheck out: 10amIf you need to check in earlier or check out later, please let me know and I will see if I can accommodate this for you, it will just depend on other bookings. About breakfast: Light breakfast supplies are provided including homemade jam, butter, vegemite, honey, milk, sugar,  fruit juice, coffee & tea.  ~ We offer a generous breakfast hamper ~ $35 for 2 persons including bread rolls, bacon & sausages, homegrown eggs, mushrooms and tomatoes.We can also organize a grazing box and some homemade cakes. For more information and to order your hamper, grazing box or cakes please inquire when you make your booking. Your hamper will be ready in the fridge on your arrival.***Note: 24hrs notice is required, and transfer or cash payment can be made before departure.***Pets allowed by prior arrangement.License numberPID-STRA-3972",,,"Please respect the house and treat it like yours. 
Smoking : only outside and cigarette butts in the ashtray, not in the plant pots or on the ground.  
Strictly no party allowed. 
Pets allowed by prior arrangement.",Feel free to send me a message or text if you need anything. I will be more than happy to help.,,,,,"https://a0.muscache.com/im/pictures/miso/Hosting-51252152/original/9a1c1e87-330c-45ea-8f22-6688b39eee8e.jpeg?im_w=720,https://a0.muscache.com/im/pictures/miso/Hosting-51252152/original/ed11637d-778c-4d74-ae53-e359da8eefb5.jpeg?im_w=720,https://a0.muscache.com/im/pictures/miso/Hosting-51252152/original/f116b8b5-db73-4004-9dc5-ba8542bae24b.jpeg?im_w=720,https://a0.muscache.com/im/pictures/miso/Hosting-51252152/original/ac79355e-6c9d-40af-b9ea-fe016bc7b2d1.jpeg?im_w=720,https://a0.muscache.com/im/pictures/miso/Hosting-51252152/original/b27911a7-918e-483a-a626-f3568be27178.jpeg?im_w=720,https://a0.muscache.com/im/pictures/miso/Hosting-51252152/original/8512e5ec-6b34-4f90-9f20-2549a66a443b.jpeg?im_w=720",51252152,USD,"Aberdeen, NSW, Australia",2022-02-15 12:22:54,Aberdeen,Scone,New South Wales,Australia
Double bed  quiet room,https://www.airbnb.com/rooms/23552745,,nightly,,Private room in residential home,-32.24831,150.89789,1.0,0.85,Private room,2,"Mountain view,Hot water,Washer,Essentials - Towels, bed sheets, soap, and toilet paper,Hangers,Bed linens,Extra pillows and blankets,Iron,TV,Fireplace guards,Air conditioning,Indoor fireplace,Heating,Smoke alarm,Lock on bedroom door - Private room can be locked for safety and privacy,First aid kit,Wifi,Dedicated workspace - A desk or table with a chair and space for a laptop.,Kitchen - Space where guests can cook their own meals,Refrigerator,Microwave,Cooking basics - Pots and pans, oil, salt and pepper,Dishes and silverware - Bowls, chopsticks, plates, cups, etc.,Dishwasher,Stove,Oven,Barbecue utensils - Grill, charcoal, bamboo skewers/iron skewers, etc.,Backyard - An open space on the property usually covered in grass,BBQ grill,Free parking on premises,Free street parking,Single level home - No stairs in home,Private living room,Luggage dropoff allowed - For guests' convenience when they have early arrival or late departure,Smoking allowed",11,,4.82,4.91,4.64,5.0,4.91,4.82,5.0,4.82,House is shared  with myself and partner it is  large 40sq home guest  bedrooms are at the end of the home . Fans and aircon in every room  electric blankets available in winter . Modern kitchen And tea and coffee making facilities. Shared kitchen for microwave tea coffee making facilities Bed 1 double bedLarge grand alfresco ParkingTradies and shut down workers very welcome .Tv in bedroom with remoteSmall bar fridge  in alfresco for your food or drinksThe spaceLarge alfresco area with outdoor bar setting Lovely modern kitchen for breakfast . Tea and coffee making facilities.   There is a bath and shower and seperate toilet .  Maybe shared with other guest on occasion we have a single room which  is available for bookings for other guests. High quality linen with electric blankets .Air conditioning to bedrooms and heavy drapes in some.2 acres  of  grass and we have just planted fruit trees Sometimes mares and foals in backyard . Ironing board and ironGuest accessAlfresco KitchenBathroomLaundry Toilet Parking areaBbqOutdoor bar area Fire pit in winterOther things to noteHome is in a executive acreage area with only 4 homes in our street  and at the furthest end of the estate .License numberPid-stra-15871,,,No heavy footwear on floors eg work boots or stilettos,Available by phone email and in person .  Interaction or private .,,Parking on site  also pick up availPick up and drop off at train station,,,"https://a0.muscache.com/im/pictures/eaee0e9a-0f7f-4394-974b-a21a9c82c9ce.jpg?im_w=720,https://a0.muscache.com/im/pictures/023b21d2-f3ca-4db7-a335-72de4761979e.jpg?im_w=720,https://a0.muscache.com/im/pictures/7ccb17c4-7113-4314-8c8b-463cbdd87cdb.jpg?im_w=720,https://a0.muscache.com/im/pictures/e41002a5-bc2b-48e8-ab57-5fa2622538d4.jpg?im_w=720,https://a0.muscache.com/im/pictures/7ae897bd-5668-411c-bfc5-b26aa824922f.jpg?im_w=720,https://a0.muscache.com/im/pictures/db47b1be-d8db-4e7e-aea9-2e0a56f6543c.jpg?im_w=720",23552745,USD,"Aberdeen, NSW, Australia",2022-02-15 12:22:57,Aberdeen,Muswellbrook,New South Wales,Australia
Muswellbrook centre of town apartment's unit 3,https://www.airbnb.com/rooms/45552644,,nightly,,Entire rental unit,-32.26345,150.8847,0.85,0.95,Entire home/apt,4,"Hair dryer,Cleaning products,Shampoo,Conditioner,Body soap,Hot water,Shower gel,Washer,Essentials - Towels, bed sheets, soap, and toilet paper,Hangers,Bed linens,Extra pillows and blankets,Iron,Drying rack for clothing,Clothing storage: wardrobe,Ethernet connection,TV,Books and reading material,Air conditioning,Portable fans,Heating,Smoke alarm,Carbon monoxide alarm,Fire extinguisher,Wifi,Dedicated workspace - A desk or table with a chair and space for a laptop.,Kitchen - Space where guests can cook their own meals,Refrigerator,Microwave,Cooking basics - Pots and pans, oil, salt and pepper,Dishes and silverware - Bowls, chopsticks, plates, cups, etc.,Freezer,Stove,1 oven,Hot water kettle,Wine glasses,Toaster,Rice maker,Coffee,Dining table,Private entrance - Separate street or building entrance,Laundromat nearby,Patio or balcony,Backyard - An open space on the property usually covered in grass,Outdoor furniture,BBQ grill: gas,Free parking on premises,Free street parking,Long term stays allowed - Allow stay for 28 days or more,Self check-in,Keypad - Check yourself into the home with a door code",8,,5.0,5.0,5.0,5.0,5.0,4.88,5.0,4.75,License numberPID-STRA-7737,,,,,,,,,"https://a0.muscache.com/im/pictures/060770bd-899a-400f-8876-bea4c3998bd8.jpg?im_w=720,https://a0.muscache.com/im/pictures/b3fe3e00-615e-43f4-8309-17085a0f90f5.jpg?im_w=720,https://a0.muscache.com/im/pictures/286dd02f-fec8-4e57-91d2-92129cf7aa1a.jpg?im_w=720,https://a0.muscache.com/im/pictures/c6b6d07e-5686-49e1-bf80-b92ab70ecf1f.jpg?im_w=720,https://a0.muscache.com/im/pictures/3c6d2ed0-8cb3-4f6d-aae5-34b6bd4cd486.jpg?im_w=720,https://a0.muscache.com/im/pictures/e2221b12-a75f-46d8-b2e4-ab39623ad967.jpg?im_w=720",45552644,USD,"Aberdeen, NSW, Australia",2022-02-15 12:22:58,Aberdeen,Muswellbrook,New South Wales,Australia
Comfortable Stay,https://www.airbnb.com/rooms/43731010,,nightly,,Entire rental unit,-32.28253,150.89104,0.74,0.8,Entire home/apt,6,"Washer,Essentials - Towels, bed sheets, soap, and toilet paper,Hangers,TV,Air conditioning,Heating,Kitchen - Space where guests can cook their own meals,Dishes and silverware - Bowls, chopsticks, plates, cups, etc.,Patio or balcony,Free parking on premises,Free street parking,Long term stays allowed - Allow stay for 28 days or more",7,,5.0,4.71,5.0,5.0,5.0,4.86,5.0,5.0,"3 Bedroom Unit close to Muswellbrook Fair.  All 3 bedrooms have A/C and TV.  Fully equipped kitchen. Lounge with 3 seats and 2 recliners plus 4 seat dining table and TV and A/C. Laundry with washing Machine. Single garage parking plus some Visitor parking. Towels and Sheets provided. Cleaning included for short term stays, weekly stay can be added if need be.",,,"No Shoes in the House
No Workboots allowed
No parties",,,,,,"https://a0.muscache.com/im/pictures/d8007ca7-f05a-46c2-ae4c-7cac79e96252.jpg?im_w=720,https://a0.muscache.com/im/pictures/309cde07-7d2e-4254-a26c-5e425dc34ca5.jpg?im_w=720,https://a0.muscache.com/im/pictures/6c7c3971-c2a4-4ba3-8c03-095fb89e77b1.jpg?im_w=720,https://a0.muscache.com/im/pictures/b23352f1-90a9-49d7-ae59-03c4fb75cf55.jpg?im_w=720,https://a0.muscache.com/im/pictures/516922ad-60a8-4372-9579-98872ac6a7f0.jpg?im_w=720,https://a0.muscache.com/im/pictures/3dc1272d-0ff5-4823-979e-38cbd456de0c.jpg?im_w=720",43731010,USD,"Aberdeen, NSW, Australia",2022-02-15 12:22:59,Aberdeen,Muswellbrook,New South Wales,Australia
THE STABLE Scone - luxury in the Upper Hunter,https://www.airbnb.com/rooms/48454989,,nightly,,Entire cottage,-32.0513,150.86576,0.9,0.9,Entire home/apt,4,"Hair dryer,Shampoo,Essentials - Towels, bed sheets, soap, and toilet paper,Hangers,Iron,TV,Air conditioning,Heating,Smoke alarm,Fire extinguisher,Wifi,Dedicated workspace - A desk or table with a chair and space for a laptop.,Kitchen - Space where guests can cook their own meals,Cooking basics - Pots and pans, oil, salt and pepper,Private entrance - Separate street or building entrance,Free parking on premises,Long term stays allowed - Allow stay for 28 days or more",12,,4.75,4.92,4.92,4.83,5.0,4.67,5.0,4.83,"THE STABLE is Scone's newest and most premium property located in the centre of town.  The 2 bedroom accomodation is housed within a gorgeous historic cottage built in 1831. Sympathetically renovated throughout with brand new kitchen and bathroom in keeping the character of the old building.Relax in the beautiful private courtyard and experience luxury at its best with crisp cotton sheets, pure linens, Bemboka towels and blankets, and fully fitted out kitchen. Offstreet parking, free wifi.The spaceTHE STABLE is located within an historic cottage with a central hallway. The front of the building houses a retail store that is open during business hours.  The accomodation takes up the back half of the building with its own entrance, courtyard and off street parking.  The two bedrooms are interconnecting and the smaller room with the single beds connects to the bathroom.  The kitchen and an additional toilet are located in an attached building accessible via undercover verandah.Guest accessTHE STABLE is located right in the centre of Scone and is within easy walking distance of cafes,  restaurants, pubs and shops.  White Park is at the end of the street and the Scone Race Club and airport only 5 mins drive away on the outskirts of town.License numberPID-STRA-13098",,,,,,THE STABLE Scone is located right in the centre of town with shops and restaurants only a short walk away. Off street parking available for one vehicle.  Plenty of street parking for other and/or oversized vehicles.,,,"https://a0.muscache.com/im/pictures/b66a54d3-a44a-4a15-b2e2-f45d3fac42e8.jpg?im_w=720,https://a0.muscache.com/im/pictures/cd091677-7594-4e83-81a5-06ca2aa2e891.jpg?im_w=720,https://a0.muscache.com/im/pictures/88ded5e4-9098-4433-961a-fd71344f6291.jpg?im_w=720,https://a0.muscache.com/im/pictures/24408967-d262-4a82-93ce-dd32365ee6e4.jpg?im_w=720,https://a0.muscache.com/im/pictures/f4c670f6-c212-4c65-9cb1-cc05406e00cf.jpg?im_w=720,https://a0.muscache.com/im/pictures/3a78ab54-ca6a-446d-a58c-a8f621d8072c.jpg?im_w=720",48454989,USD,"Aberdeen, NSW, Australia",2022-02-15 12:23:00,Aberdeen,Scone,New South Wales,Australia
Muswellbrook Huge 2 Br Self Contained Private Spac,https://www.airbnb.com/rooms/37871384,,nightly,,Entire guesthouse,-32.27271,150.88796,0.8,1.0,Entire home/apt,4,"City skyline view,Hair dryer,Cleaning products,Shampoo,Body soap,Hot water,Shower gel,Free washer – In unit,Free dryer – In unit,Essentials - Towels, bed sheets, soap, and toilet paper,Hangers,Bed linens - Cotton linens,Iron,Clothing storage: closet,55"" HDTV with Chromecast,Central air conditioning,Heating,Smoke alarm,Fire extinguisher,First aid kit,Wifi,Kitchen - Space where guests can cook their own meals,Cooking basics - Pots and pans, oil, salt and pepper,Dishes and silverware - Bowls, chopsticks, plates, cups, etc.,Coffee maker,Private entrance - Separate street or building entrance,Free parking on premises,Self check-in,Lockbox,Long term stays allowed - Allow stay for 28 days or more",8,,4.75,5.0,4.88,5.0,4.75,4.75,4.5,4.63,"Welcome to your own space, 116 sqm,  Own bathroom, huge master bedroom, Smaller 2nd Bedroom, 2 Queen Beds, in addition 1 single bed, own laundry, top loader, dryer, clothes line, own newer kitchen breakfast bar area.  55 "" Inch TV in Living room. 55 "" Inch TV in Master Bedroom. Very close to CBD of Muswellbrook. Unlimited wifi. Convienient off street parking. Ideal for working people. Weekly / Monthly discounts.The spaceEnter into Combined Kitchen, Dining, Lounge, down the hallway to two self contained bedrooms with bathroom directly opposite to the bedrooms.Very secure and quiet location.Guest accessOwn gate allows access onto Mitchell Street.Other things to noteThis is an extremely quiet location.License numberExempt",,,,,,,,,"https://a0.muscache.com/im/pictures/miso/Hosting-37871384/original/074efedf-5e12-4cdb-b666-86f934bb23ed.jpeg?im_w=720,https://a0.muscache.com/im/pictures/eaefee11-c6ac-4f1c-9199-4541405067ad.jpg?im_w=720,https://a0.muscache.com/im/pictures/171b3ad4-229e-4546-92e5-49b1a9edfca9.jpg?im_w=720,https://a0.muscache.com/im/pictures/b0e7db44-8ee2-4acc-9da5-718f42336b22.jpg?im_w=720,https://a0.muscache.com/im/pictures/48d3be2d-9a78-4a93-95b4-e806f15eea4f.jpg?im_w=720,https://a0.muscache.com/im/pictures/miso/Hosting-37871384/original/ebb75778-831b-4cbb-bbd8-2e6b168b18c7.jpeg?im_w=720",37871384,USD,"Aberdeen, NSW, Australia",2022-02-15 12:23:02,Aberdeen,Muswellbrook,New South Wales,Australia
Hillview Scone,https://www.airbnb.com/rooms/27704559,,nightly,,Entire residential home,-32.04683,150.86912,1.0,1.0,Entire home/apt,4,"Garden view,Mountain view,Hair dryer,Hot water,Essentials - Towels, bed sheets, soap, and toilet paper,Hangers,Bed linens,Iron,TV with standard cable,Air conditioning,Heating,Smoke alarm,Fire extinguisher,Wifi,Dedicated workspace - A desk or table with a chair and space for a laptop.,Kitchen - Space where guests can cook their own meals,Refrigerator,Microwave,Cooking basics - Pots and pans, oil, salt and pepper,Dishes and silverware - Bowls, chopsticks, plates, cups, etc.,Stove,Oven,Coffee maker,Private entrance - Separate street or building entrance,Private patio or balcony,Private backyard – Fully fenced - An open space on the property usually covered in grass,BBQ grill,Free parking on premises,Free street parking,Private pool,Breakfast - Breakfast is provided,Self check-in,Lockbox",61,,4.7,4.93,4.75,4.95,4.85,4.52,4.5,4.6,"Perfectly located with views of the surrounding hills and the main street. Walk to everywhere in town in 10 minutes or less.Quality furnishings with extra little touches to make your stay super comfy! Hillview offers 2 bedrooms, 1 ensuite bathroom, with a clawfoot bathtub and an in bath brass overhead shower. Please note this is the only bathroom at the moment, so be sure that you are comfortable with your Bedroom 2 travelling companions  ;)Two very comfortable living areas for relaxationThe spaceOpposite the Railway Station and only a short walk to local cafes and Woolworths. Hillview Scone is the perfect base for your activities in Scone.Most importantly for Summer, Hillview offers an in ground pool, with covered sitting area. Perfect for the hot Summer weather, and a nice stroll through the backyard to access.Inside - as well as ducted air conditioning and ceiling fans to most rooms, there are two separate living spaces with quality, comfortable furnishings. The main sitting room offers a feather filled, luxurious Duresta sofa and a 65"" TV. Netflix has been connected for your entertainment, with other apps such as 9Now, Tenplay, 7Plus, SBS On Demand and ABC iView also available.  There is also a DVD player and some DVD's for those uncomfortable with Smart TV Technology (we know you are out there...)The second living area is furnished with a quality banana leaf lounge suite and bookshelf offering reading material for  your stay, including current magazines. A perfect room for puzzles, reading or just sitting and chatting.The dining room has a lovely timber 8 seater table with very comfortable banana leaf chairs, so if you are planning to see friends or family whilst in town, you have the ideal space to catch up over a meals and a few drinks. Recently we have added a brand new BBQ and outdoor setting so you can enjoy alfresco dining.The modern kitchen is very well equipped, with pots, pans and utensils. A light breakfast is provided, (cereal, bread, milk, selection of teas and coffee and hot chocolate) as are some snacks (bikkies and mug cake ingredients). We also provide some complimentary pantry items such as sauce, salt and pepper, salad dressing, etc. Both bedrooms offer extra comfy queen sized beds, dressed in 1000 thread count Egyptian Cotton linen. The house does have double glazed windows to reduce external noise, but if you are a light sleeper please be aware that we are located on the main street, and you can hear the coal trains running through town (they dont wake us, although we do actually find the sound of the trains romantic, but we understand that not everybody shares our whimsical view).We have literally tried to make Hillview feel like a home away from home where you can relax after a long day, or just curl up with a good book and sink into the feather stuffed sofa.Guest accessThe whole front of the house is available to guests, as are all of the grounds. There is a small section at the back of the house which is not accessible.At present, the house has only 1 bathroom, which is the ensuite to the main bedroom. The shower is located within an old fashioned clawfoot bathtub.Other things to noteScone has the railway running right through town, but our windows are double glazed and the house is relaxing and quiet.The bathtub is an old fashioned claw foot tub, with shower above. If you are unsteady in the shower or need an accessible area, this will not be suitable.The only bathroom is the ensuite off bedroom 1, so guest staying in bedroom 2 will have to access bedroom 1 to use the bathroom.License numberPID-STRA-13556",,,"Please leave the property tidy and in good order (eg. furniture in place, dishes washed and put away).
Do not wear boots in the house, especially if you have been in paddocks or stables during the day. There is a mud room through the back entry of the house which is suitable for outerwear and boots.",If you have any questions please feel free to email or text me,,"Parking is plentiful on the property. If you are catching a train to Scone, we are across the road from the station. Hillview is on the main street so close to everything Scone has to offer.",,,"https://a0.muscache.com/im/pictures/520bea00-fbf4-4a48-8a18-196995f99f3a.jpg?im_w=720,https://a0.muscache.com/im/pictures/6a1fbc69-227c-404b-8a3b-530d922e61b5.jpg?im_w=720,https://a0.muscache.com/im/pictures/fbd2201c-dada-4d6d-931f-fd7fa3eee8d5.jpg?im_w=720,https://a0.muscache.com/im/pictures/1adb5e8a-3264-4c8b-bfff-e394645c1ee6.jpg?im_w=720,https://a0.muscache.com/im/pictures/a065650d-d07f-47c3-ae46-79fc28732da1.jpg?im_w=720,https://a0.muscache.com/im/pictures/91d0744b-7987-45a9-bc23-c64d341daea6.jpg?im_w=720",27704559,USD,"Aberdeen, NSW, Australia",2022-02-15 12:23:04,Aberdeen,Scone,New South Wales,Australia
The Brown House in Scone,https://www.airbnb.com/rooms/39637391,,nightly,,Entire residential home,-32.04717,150.8732,1.0,1.0,Entire home/apt,7,"Hair dryer,Cleaning products,Hot water,Washer,Dryer,Essentials - Towels, bed sheets, soap, and toilet paper,Hangers,Bed linens,Extra pillows and blankets,Iron,TV,Air conditioning,Portable heater,Wifi,Dedicated workspace - A desk or table with a chair and space for a laptop.,Kitchen - Space where guests can cook their own meals,Refrigerator,Microwave,Cooking basics - Pots and pans, oil, salt and pepper,Dishes and silverware - Bowls, chopsticks, plates, cups, etc.,Dishwasher,Stove,Oven,Coffee maker,Private entrance - Separate street or building entrance,Backyard - An open space on the property usually covered in grass,Free parking on premises,Free street parking,Pets allowed - Assistance animals are always allowed,Self check-in,Lockbox,Long term stays allowed - Allow stay for 28 days or more",66,,4.89,4.94,4.95,4.94,4.97,4.8,5.0,4.91,"The Brown House is a charming ripple iron home. Recently renovated, The Brown House features four bedrooms, formal living room and open plan kitchen, dining and family room which opens onto a covered outdoor dining space and landscaped garden. A perfect home away from home with a fully equipped kitchen and quality furnishings and those extra touches for that home away from home feeling.Please include the number of guests when making your booking/enquiry.The spaceThe property features:•	Private entrance & off Street Parking for 2 cars•	Self-contained accommodation •	Bed 1: Master Queen bed with ensuite bath•	Bed 2: Queen bed•	Bed 3: Queen or twin share•	Bed 4: Single•	Main bathroom with bath and shower•	outside loo attached to laundry Coffee machine•	Tea, coffee and basic provisions supplied (inc. the basics needed in every kitchen – salt & pepper, olive oil etc.)•	Full kitchen•	Reverse cycle air-conditioning•	Open fire place (wood provided)•	Laundry with washing machine•	All linen & towels provided•	WiFi•	Flat screen TV with Foxtel•	Covered outdoor dining area•	Fenced garden•	Pets welcome on request to the host•	Guests are welcome to pick some lemons or fresh herbs from the garden!License numberPID-STRA-6786",,,,Access is by lock box keys. As your host I am happy to provide assistance during your stay.,,"Located a short 5-10 minute walk from the main street and surrounding amenities and services including parks, cafes, restaurants, supermarket etc.Taxi's and public transport within the town of Scone is limited, however transport is usually made available during major events.",,,"https://a0.muscache.com/im/pictures/6674715c-8aa1-4137-9636-1c8e3a69bb00.jpg?im_w=720,https://a0.muscache.com/im/pictures/c635b463-f90a-4aaf-89a8-ee6f0bef7d46.jpg?im_w=720,https://a0.muscache.com/im/pictures/989ccab6-5956-4c73-b86c-61da4db1cace.jpg?im_w=720,https://a0.muscache.com/im/pictures/f681e5d9-0323-44bc-823d-53cb9ab235f8.jpg?im_w=720,https://a0.muscache.com/im/pictures/837595d4-6b71-43bc-94e7-d952960b5e39.jpg?im_w=720,https://a0.muscache.com/im/pictures/3f289176-70ed-401a-827f-8c2e1f7898be.jpg?im_w=720",39637391,USD,"Aberdeen, NSW, Australia",2022-02-15 12:23:08,Aberdeen,Scone,New South Wales,Australia
